64base-64base-3mrgnc3	64base/64Base_3mrgnc3.ova	https://download.vulnhub.com/64base/64Base_3mrgnc3.ova
64bitprimer-64bitprimer	64bitprimer/64bitprimer.ova	https://download.vulnhub.com/64bitprimer/64bitprimer.ova
6daylab-6days-lab-v1-0-1	6daylab/6Days_Lab-v1.0.1.ova	https://download.vulnhub.com/6daylab/6Days_Lab-v1.0.1.ova
adroit-adroit-v1-0-1	adroit/Adroit-v1.0.1.ova	https://download.vulnhub.com/adroit/Adroit-v1.0.1.ova
alfa-alfa	alfa/Alfa.ova	https://download.vulnhub.com/alfa/Alfa.ova
amaze-amaze	amaze/aMaze.ova	https://download.vulnhub.com/amaze/aMaze.ova
analougepond-analoguepond-0-2b	analougepond/analoguepond-0.2b.ova	https://download.vulnhub.com/analougepond/analoguepond-0.2b.ova
android4-android4	android4/Android4.ova	https://download.vulnhub.com/android4/Android4.ova
basicpentesting-basic-pentesting-1	basicpentesting/basic_pentesting_1.ova	https://download.vulnhub.com/basicpentesting/basic_pentesting_1.ova
blacklight-blacklight	blacklight/BLACKLIGHT.ova	https://download.vulnhub.com/blacklight/BLACKLIGHT.ova
blackrose-blackrose	blackrose/BlackRose.ova	https://download.vulnhub.com/blackrose/BlackRose.ova
blackwidow-black-widow-final	blackwidow/Black-Widow-final.ova	https://download.vulnhub.com/blackwidow/Black-Widow-final.ova
blogger-blogger	blogger/blogger.ova	https://download.vulnhub.com/blogger/blogger.ova
bluemoon-bluemoon	bluemoon/bluemoon.ova	https://download.vulnhub.com/bluemoon/bluemoon.ova
bluesky-bluesky	bluesky/BlueSky.ova	https://download.vulnhub.com/bluesky/BlueSky.ova
bluesmoke-bluesmoke	bluesmoke/Bluesmoke.ova	https://download.vulnhub.com/bluesmoke/Bluesmoke.ova
bob-bob-v1-0-1	bob/Bob_v1.0.1.ova	https://download.vulnhub.com/bob/Bob_v1.0.1.ova
bobsmissingcat-bobsmissingcatpt-1-1	bobsmissingcat/BobsMissingCatPt.1-1.ova	https://download.vulnhub.com/bobsmissingcat/BobsMissingCatPt.1-1.ova
boredhackerblog-easy-cloudantivirus	boredhackerblog/easy_cloudantivirus.ova	https://download.vulnhub.com/boredhackerblog/easy_cloudantivirus.ova
boredhackerblog-hard-socnet2	boredhackerblog/hard_socnet2.ova	https://download.vulnhub.com/boredhackerblog/hard_socnet2.ova
boredhackerblog-medium-socnet	boredhackerblog/medium_socnet.ova	https://download.vulnhub.com/boredhackerblog/medium_socnet.ova
boredhackerblog-moriartycorp	boredhackerblog/MoriartyCorp.ova	https://download.vulnhub.com/boredhackerblog/MoriartyCorp.ova
born2root-born2root	born2root/born2root.ova	https://download.vulnhub.com/born2root/born2root.ova
born2root-born2rootv2	born2root/Born2rootv2.ova	https://download.vulnhub.com/born2root/Born2rootv2.ova
bossplayers-bossplayersctf	bossplayers/bossplayersCTF.ova	https://download.vulnhub.com/bossplayers/bossplayersCTF.ova
bottleneck-bottleneck	bottleneck/Bottleneck.ova	https://download.vulnhub.com/bottleneck/Bottleneck.ova
broken-2020-broken-2020	broken-2020/broken-2020.ova	https://download.vulnhub.com/broken-2020/broken-2020.ova
bsidestlv2018-bsidestlv-2018-ctf	bsidestlv2018/BSidesTLV-2018-CTF.ova	https://download.vulnhub.com/bsidestlv2018/BSidesTLV-2018-CTF.ova
bsidesvancouver2018-bsides-vancouver-2018-workshop	bsidesvancouver2018/BSides-Vancouver-2018-Workshop.ova	https://download.vulnhub.com/bsidesvancouver2018/BSides-Vancouver-2018-Workshop.ova
buffemr-buffemr-v1-0-1	buffemr/BuffEMR-v1.0.1.ova	https://download.vulnhub.com/buffemr/BuffEMR-v1.0.1.ova
bulldog-bulldog2	bulldog/Bulldog2.ova	https://download.vulnhub.com/bulldog/Bulldog2.ova
bulldog-bulldog	bulldog/bulldog.ova	https://download.vulnhub.com/bulldog/bulldog.ova
c0m80-c0m80-3mrgnc3-v1-0	c0m80/C0m80_3mrgnc3_v1.0.ova	https://download.vulnhub.com/c0m80/C0m80_3mrgnc3_v1.0.ova
casinoroyale-casinoroyale	casinoroyale/CasinoRoyale.ova	https://download.vulnhub.com/casinoroyale/CasinoRoyale.ova
cengbox-cengbox2	cengbox/CengBox2.ova	https://download.vulnhub.com/cengbox/CengBox2.ova
cengbox-cengbox3	cengbox/CengBox3.ova	https://download.vulnhub.com/cengbox/CengBox3.ova
cengbox-cengbox	cengbox/CengBox.ova	https://download.vulnhub.com/cengbox/CengBox.ova
cereal-cereal	cereal/Cereal.ova	https://download.vulnhub.com/cereal/Cereal.ova
ch4inrulz-ch4inrulz-v1-0-1	ch4inrulz/CH4INRULZ_v1.0.1.ova	https://download.vulnhub.com/ch4inrulz/CH4INRULZ_v1.0.1.ova
chatty-chatty1-v5	chatty/chatty1_v5.ova	https://download.vulnhub.com/chatty/chatty1_v5.ova
chatty-chatty2-v5	chatty/chatty2_v5.ova	https://download.vulnhub.com/chatty/chatty2_v5.ova
cherry-cherry	cherry/Cherry.ova	https://download.vulnhub.com/cherry/Cherry.ova
chili-chili	chili/Chili.ova	https://download.vulnhub.com/chili/Chili.ova
chillhack-chill-hack	chillhack/Chill_Hack.ova	https://download.vulnhub.com/chillhack/Chill_Hack.ova
chronos-chronos	chronos/Chronos.ova	https://download.vulnhub.com/chronos/Chronos.ova
clover-clover	clover/Clover.ova	https://download.vulnhub.com/clover/Clover.ova
coffeeaddicts-coffeeaddicts	coffeeaddicts/coffeeaddicts.ova	https://download.vulnhub.com/coffeeaddicts/coffeeaddicts.ova
colddbox-colddboxeasy-en	colddbox/ColddBoxEasy_EN.ova	https://download.vulnhub.com/colddbox/ColddBoxEasy_EN.ova
colddworld-immersion-machine	colddworld/Immersion_Machine.ova	https://download.vulnhub.com/colddworld/Immersion_Machine.ova
connectthedots-connect-the-dots	connectthedots/Connect-The-Dots.ova	https://download.vulnhub.com/connectthedots/Connect-The-Dots.ova
containme-thm-containme-v4	containme/THM-ContainMe-v4.ova	https://download.vulnhub.com/containme/THM-ContainMe-v4.ova
corpvision-corpvision	corpvision/corpvision.ova	https://download.vulnhub.com/corpvision/corpvision.ova
corrosion-corrosion2	corrosion/Corrosion2.ova	https://download.vulnhub.com/corrosion/Corrosion2.ova
corrosion-corrosion	corrosion/Corrosion.ova	https://download.vulnhub.com/corrosion/Corrosion.ova
covfefe-covfefe	covfefe/covfefe.ova	https://download.vulnhub.com/covfefe/covfefe.ova
creditcardscammers-credit-card-scammers	creditcardscammers/Credit-Card-Scammers.ova	https://download.vulnhub.com/creditcardscammers/Credit-Card-Scammers.ova
crossroads-crossroads-vh	crossroads/crossroads_vh.ova	https://download.vulnhub.com/crossroads/crossroads_vh.ova
cryptobank-cryptobank	cryptobank/CryptoBank.ova	https://download.vulnhub.com/cryptobank/CryptoBank.ova
csharp-csharpvulnjson	csharp/CsharpVulnJson.ova	https://download.vulnhub.com/csharp/CsharpVulnJson.ova
csharp-csharpvulnsoap	csharp/CsharpVulnSoap.ova	https://download.vulnhub.com/csharp/CsharpVulnSoap.ova
cybero-cybero	cybero/Cybero.ova	https://download.vulnhub.com/cybero/Cybero.ova
cyberry-cyberry	cyberry/cyberry.ova	https://download.vulnhub.com/cyberry/cyberry.ova
cybersploit-cybersploit2	cybersploit/CyberSploit2.ova	https://download.vulnhub.com/cybersploit/CyberSploit2.ova
cybersploit-cybersploit	cybersploit/cybersploit.ova	https://download.vulnhub.com/cybersploit/cybersploit.ova
cybox-cybox-1-1	cybox/cybox-1.1.ova	https://download.vulnhub.com/cybox/cybox-1.1.ova
cynix-cynix	cynix/CyNix.ova	https://download.vulnhub.com/cynix/CyNix.ova
d0not5top-d0not5top-3mrgnc3-v1-2	d0not5top/D0Not5top_3mrgnc3_v1.2.ova	https://download.vulnhub.com/d0not5top/D0Not5top_3mrgnc3_v1.2.ova
dc416-2016-dc416-baffle	dc416-2016/dc416-baffle.ova	https://download.vulnhub.com/dc416-2016/dc416-baffle.ova
dc416-2016-dc416-basement	dc416-2016/dc416-basement.ova	https://download.vulnhub.com/dc416-2016/dc416-basement.ova
dc416-2016-dc416-dick-dastardly	dc416-2016/dc416-dick_dastardly.ova	https://download.vulnhub.com/dc416-2016/dc416-dick_dastardly.ova
dc416-2016-dc416-fortress	dc416-2016/dc416-fortress.ova	https://download.vulnhub.com/dc416-2016/dc416-fortress.ova
deathnote-deathnote	deathnote/Deathnote.ova	https://download.vulnhub.com/deathnote/Deathnote.ova
defconctf-defcon-vm-0-1-0	defconctf/defcon-vm-0.1.0.ova	https://download.vulnhub.com/defconctf/defcon-vm-0.1.0.ova
defcon-defcon	defcon/DefCon.ova	https://download.vulnhub.com/defcon/DefCon.ova
defencectf2017-defencespacectf-2017	defencectf2017/DEFENCESPACECTF-2017.ova	https://download.vulnhub.com/defencectf2017/DEFENCESPACECTF-2017.ova
depth-depthb2r	depth/DepthB2R.ova	https://download.vulnhub.com/depth/DepthB2R.ova
derpnstink-vulnhub2018-derpnstink	derpnstink/VulnHub2018_DeRPnStiNK.ova	https://download.vulnhub.com/derpnstink/VulnHub2018_DeRPnStiNK.ova
devcontainer-devcontainer-1	devcontainer/DevContainer_1.ova	https://download.vulnhub.com/devcontainer/DevContainer_1.ova
dev-dev	dev/dev.ova	https://download.vulnhub.com/dev/dev.ova
devrandomctf-devrandomctf-v1-1	devrandomctf/devrandomCTF-v1.1.ova	https://download.vulnhub.com/devrandomctf/devrandomCTF-v1.1.ova
devrandom-k2	devrandom/K2.ova	https://download.vulnhub.com/devrandom/K2.ova
devrandom-pipe	devrandom/pipe.ova	https://download.vulnhub.com/devrandom/pipe.ova
devrandom-sleepy	devrandom/sleepy.ova	https://download.vulnhub.com/devrandom/sleepy.ova
dina-dina-1-0-1	dina/Dina-1-0-1.ova	https://download.vulnhub.com/dina/Dina-1-0-1.ova
djinn-djinn-2	djinn/djinn-2.ova	https://download.vulnhub.com/djinn/djinn-2.ova
djinn-djinn	djinn/djinn.ova	https://download.vulnhub.com/djinn/djinn.ova
dmv-dmv2	dmv/DMV2.ova	https://download.vulnhub.com/dmv/DMV2.ova
dmv-dmv	dmv/DMV.ova	https://download.vulnhub.com/dmv/DMV.ova
doli-doli-vulnhub-fixed	doli/doli-vulnhub-fixed.ova	https://download.vulnhub.com/doli/doli-vulnhub-fixed.ova
doubletrouble-doubletrouble	doubletrouble/doubletrouble.ova	https://download.vulnhub.com/doubletrouble/doubletrouble.ova
driftingblues-driftingblues2	driftingblues/driftingblues2.ova	https://download.vulnhub.com/driftingblues/driftingblues2.ova
driftingblues-driftingblues3	driftingblues/driftingblues3.ova	https://download.vulnhub.com/driftingblues/driftingblues3.ova
driftingblues-driftingblues4-vh	driftingblues/driftingblues4_vh.ova	https://download.vulnhub.com/driftingblues/driftingblues4_vh.ova
driftingblues-driftingblues5-vh	driftingblues/driftingblues5_vh.ova	https://download.vulnhub.com/driftingblues/driftingblues5_vh.ova
driftingblues-driftingblues6-vh	driftingblues/driftingblues6_vh.ova	https://download.vulnhub.com/driftingblues/driftingblues6_vh.ova
driftingblues-driftingblues7-vh	driftingblues/driftingblues7_vh.ova	https://download.vulnhub.com/driftingblues/driftingblues7_vh.ova
driftingblues-driftingblues9	driftingblues/driftingblues9.ova	https://download.vulnhub.com/driftingblues/driftingblues9.ova
driftingblues-driftingblues	driftingblues/driftingblues.ova	https://download.vulnhub.com/driftingblues/driftingblues.ova
drippingblues-drippingblues	drippingblues/drippingblues.ova	https://download.vulnhub.com/drippingblues/drippingblues.ova
droopy-droopyctf	droopy/DroopyCTF.ova	https://download.vulnhub.com/droopy/DroopyCTF.ova
durian-durian	durian/Durian.ova	https://download.vulnhub.com/durian/Durian.ova
empty-vh-empty-1-0-2	empty/vh_empty-1.0.2.ova	https://download.vulnhub.com/empty/vh_empty-1.0.2.ova
escalatelinux-escalate-linux	escalatelinux/Escalate_Linux.ova	https://download.vulnhub.com/escalatelinux/Escalate_Linux.ova
escalatemyprivilege-escalate-my-privilege	escalatemyprivilege/Escalate_my_privilege.ova	https://download.vulnhub.com/escalatemyprivilege/Escalate_my_privilege.ova
evilbox-evilbox-one	evilbox/EvilBox---One.ova	https://download.vulnhub.com/evilbox/EvilBox---One.ova
evm-evm	evm/EVM.ova	https://download.vulnhub.com/evm/EVM.ova
findingmyfriend-findingmyfriend	findingmyfriend/FindingMyFriend.ova	https://download.vulnhub.com/findingmyfriend/FindingMyFriend.ova
fourandsix-fourandsix2	fourandsix/FourAndSix2.ova	https://download.vulnhub.com/fourandsix/FourAndSix2.ova
fourandsix-fourandsix-vbox	fourandsix/FourAndSix-vbox.ova	https://download.vulnhub.com/fourandsix/FourAndSix-vbox.ova
foxhole-foxhole-v1-0-1	foxhole/FoxHole-v1.0.1.ova	https://download.vulnhub.com/foxhole/FoxHole-v1.0.1.ova
fristileaks-fristileaks-1-3	fristileaks/FristiLeaks_1.3.ova	https://download.vulnhub.com/fristileaks/FristiLeaks_1.3.ova
funbox-funbox10	funbox/Funbox10.ova	https://download.vulnhub.com/funbox/Funbox10.ova
funbox-funbox11	funbox/Funbox11.ova	https://download.vulnhub.com/funbox/Funbox11.ova
funbox-funbox2	funbox/Funbox2.ova	https://download.vulnhub.com/funbox/Funbox2.ova
funbox-funbox3	funbox/Funbox3.ova	https://download.vulnhub.com/funbox/Funbox3.ova
funbox-funbox4	funbox/Funbox4.ova	https://download.vulnhub.com/funbox/Funbox4.ova
funbox-funbox5	funbox/Funbox5.ova	https://download.vulnhub.com/funbox/Funbox5.ova
funbox-funbox6	funbox/Funbox6.ova	https://download.vulnhub.com/funbox/Funbox6.ova
funbox-funbox7	funbox/Funbox7.ova	https://download.vulnhub.com/funbox/Funbox7.ova
funbox-funbox	funbox/FunBox.ova	https://download.vulnhub.com/funbox/FunBox.ova
funbox-funboxgaokao	funbox/FunboxGaoKao.ova	https://download.vulnhub.com/funbox/FunboxGaoKao.ova
funbox-funboxlunchbreaker	funbox/FunboxLunchbreaker.ova	https://download.vulnhub.com/funbox/FunboxLunchbreaker.ova
gaara-gaara	gaara/Gaara.ova	https://download.vulnhub.com/gaara/Gaara.ova
gainpower-gainpower-01	gainpower/GainPower-01.ova	https://download.vulnhub.com/gainpower/GainPower-01.ova
gameofthrones-game-of-thrones-ctf-1-0	gameofthrones/Game-of-Thrones-CTF-1.0.ova	https://download.vulnhub.com/gameofthrones/Game-of-Thrones-CTF-1.0.ova
ganana-ganana	ganana/GANANA.ova	https://download.vulnhub.com/ganana/GANANA.ova
gearsofwar-gear-of-war-1	gearsofwar/Gear_Of_War#1.ova	https://download.vulnhub.com/gearsofwar/Gear_Of_War#1.ova
gibson-gibson	gibson/gibson.ova	https://download.vulnhub.com/gibson/gibson.ova
gigachad-gigachad-vh	gigachad/gigachad_vh.ova	https://download.vulnhub.com/gigachad/gigachad_vh.ova
gitroot-gitroot	gitroot/GitRoot.ova	https://download.vulnhub.com/gitroot/GitRoot.ova
gittysburg-gittysburg	gittysburg/Gittysburg.ova	https://download.vulnhub.com/gittysburg/Gittysburg.ova
goldeneye-goldeneye-v1	goldeneye/GoldenEye-v1.ova	https://download.vulnhub.com/goldeneye/GoldenEye-v1.ova
greenoptic-greenoptic	greenoptic/GreenOptic.ova	https://download.vulnhub.com/greenoptic/GreenOptic.ova
grotesque-grotesque2-vh	grotesque/grotesque2_vh.ova	https://download.vulnhub.com/grotesque/grotesque2_vh.ova
grotesque-grotesque-vh-1-0-1	grotesque/grotesque_vh-1.0.1.ova	https://download.vulnhub.com/grotesque/grotesque_vh-1.0.1.ova
hackable-hackable3	hackable/hackable3.ova	https://download.vulnhub.com/hackable/hackable3.ova
hackable-hackableii	hackable/hackableII.ova	https://download.vulnhub.com/hackable/hackableII.ova
hackday-hackday-albania	hackday/HackDay-Albania.ova	https://download.vulnhub.com/hackday/HackDay-Albania.ova
hackerfest-hf2019-linux	hackerfest/HF2019-Linux.ova	https://download.vulnhub.com/hackerfest/HF2019-Linux.ova
hackerkid-hacker-kid-v1-0-1	hackerkid/Hacker_Kid-v1.0.1.ova	https://download.vulnhub.com/hackerkid/Hacker_Kid-v1.0.1.ova
hackersblog-hackers-blog	hackersblog/Hackers-Blog.ova	https://download.vulnhub.com/hackersblog/Hackers-Blog.ova
hackfest2016-orcus	hackfest2016/Orcus.ova	https://download.vulnhub.com/hackfest2016/Orcus.ova
hackfest2016-quaoar	hackfest2016/Quaoar.ova	https://download.vulnhub.com/hackfest2016/Quaoar.ova
hackfest2016-sedna	hackfest2016/Sedna.ova	https://download.vulnhub.com/hackfest2016/Sedna.ova
hackingmessiah-hacking-messiah-2	hackingmessiah/Hacking-Messiah_2.ova	https://download.vulnhub.com/hackingmessiah/Hacking-Messiah_2.ova
hackingmessiah-hacking-messiah	hackingmessiah/Hacking-Messiah.ova	https://download.vulnhub.com/hackingmessiah/Hacking-Messiah.ova
hackinos-hackinos	hackinos/HackInOS.ova	https://download.vulnhub.com/hackinos/HackInOS.ova
hackme-hackme2-dhcp	hackme/hackme2-DHCP.ova	https://download.vulnhub.com/hackme/hackme2-DHCP.ova
hackme-hackme	hackme/hackme.ova	https://download.vulnhub.com/hackme/hackme.ova
hacknos-lab-james	hacknos/lab-james.ova	https://download.vulnhub.com/hacknos/lab-james.ova
hacknos-os-bytesec	hacknos/Os-ByteSec.ova	https://download.vulnhub.com/hacknos/Os-ByteSec.ova
hacknos-os-hacknos-1	hacknos/Os-hackNos-1.ova	https://download.vulnhub.com/hacknos/Os-hackNos-1.ova
hacknos-os-hacknos-2-1	hacknos/Os-hackNos-2.1.ova	https://download.vulnhub.com/hacknos/Os-hackNos-2.1.ova
hacknos-os-hacknos-3	hacknos/Os-hackNos-3.ova	https://download.vulnhub.com/hacknos/Os-hackNos-3.ova
hacknos-os-hax	hacknos/Os-Hax.ova	https://download.vulnhub.com/hacknos/Os-Hax.ova
hacknos-player-v1-1	hacknos/Player-v1.1.ova	https://download.vulnhub.com/hacknos/Player-v1.1.ova
hacknos-reconforce-01-1	hacknos/ReconForce-01.1.ova	https://download.vulnhub.com/hacknos/ReconForce-01.1.ova
hackthebox-ninevehv0-3	hackthebox/NinevehV0.3.ova	https://download.vulnhub.com/hackthebox/NinevehV0.3.ova
haclabs-deception	haclabs/Deception.ova	https://download.vulnhub.com/haclabs/Deception.ova
haclabs-hl	haclabs/HL.ova	https://download.vulnhub.com/haclabs/HL.ova
ha-forensics	ha/forensics.ova	https://download.vulnhub.com/ha/forensics.ova
ha-ha-avengers-arsenal	ha/HA-Avengers-Arsenal.ova	https://download.vulnhub.com/ha/HA-Avengers-Arsenal.ova
ha-ha-wordy	ha/ha-wordy.ova	https://download.vulnhub.com/ha/ha-wordy.ova
ha-narak	ha/narak.ova	https://download.vulnhub.com/ha/narak.ova
harrypotter-aragog-1-0-2	harrypotter/Aragog-1.0.2.ova	https://download.vulnhub.com/harrypotter/Aragog-1.0.2.ova
harrypotter-fawkes	harrypotter/Fawkes.ova	https://download.vulnhub.com/harrypotter/Fawkes.ova
harrypotter-nagini	harrypotter/Nagini.ova	https://download.vulnhub.com/harrypotter/Nagini.ova
ha-sherlock	ha/sherlock.ova	https://download.vulnhub.com/ha/sherlock.ova
ha-vedas	ha/vedas.ova	https://download.vulnhub.com/ha/vedas.ova
healthcare-healthcare	healthcare/Healthcare.ova	https://download.vulnhub.com/healthcare/Healthcare.ova
hell-hell	hell/hell.ova	https://download.vulnhub.com/hell/hell.ova
hemisphere-hemisphere-gemini	hemisphere/Hemisphere-Gemini.ova	https://download.vulnhub.com/hemisphere/Hemisphere-Gemini.ova
hemisphere-hemisphere-lynx	hemisphere/Hemisphere---Lynx.ova	https://download.vulnhub.com/hemisphere/Hemisphere---Lynx.ova
hms-nivek	hms/niveK.ova	https://download.vulnhub.com/hms/niveK.ova
hogwarts-bellatrix	hogwarts/Bellatrix.ova	https://download.vulnhub.com/hogwarts/Bellatrix.ova
hogwarts-dobby	hogwarts/dobby.ova	https://download.vulnhub.com/hogwarts/dobby.ova
ia-keyring-v1-01	ia/keyring-v1.01.ova	https://download.vulnhub.com/ia/keyring-v1.01.ova
ia-nemesis-v1-0-1	ia/Nemesis-v1.0.1.ova	https://download.vulnhub.com/ia/Nemesis-v1.0.1.ova
ia-tornado	ia/tornado.ova	https://download.vulnhub.com/ia/tornado.ova
imf-imf	imf/IMF.ova	https://download.vulnhub.com/imf/IMF.ova
inclusiveness-inclusiveness	inclusiveness/Inclusiveness.ova	https://download.vulnhub.com/inclusiveness/Inclusiveness.ova
inferno-inferno-1-1	inferno/inferno-1.1.ova	https://download.vulnhub.com/inferno/inferno-1.1.ova
infosecwarrior-infosec-warrior1	infosecwarrior/Infosec_Warrior1.ova	https://download.vulnhub.com/infosecwarrior/Infosec_Warrior1.ova
infovore-infovore-vulnhub	infovore/infovore_vulnhub.ova	https://download.vulnhub.com/infovore/infovore_vulnhub.ova
inplainsight-inplainsight1	inplainsight/inplainsight1.ova	https://download.vulnhub.com/inplainsight/inplainsight1.ova
insanity-insanity-hosting	insanity/Insanity-Hosting.ova	https://download.vulnhub.com/insanity/Insanity-Hosting.ova
insomnia-insomnia	insomnia/Insomnia.ova	https://download.vulnhub.com/insomnia/Insomnia.ova
investigator-investigator	investigator/Investigator.ova	https://download.vulnhub.com/investigator/Investigator.ova
itsoctober-its-october	itsoctober/Its_October.ova	https://download.vulnhub.com/itsoctober/Its_October.ova
jangow-jangow-01-1-0-1	jangow/jangow-01-1.0.1.ova	https://download.vulnhub.com/jangow/jangow-01-1.0.1.ova
jisctf-jis-ctf-vulnupload-ctf01	jisctf/JIS-CTF-VulnUpload-CTF01.ova	https://download.vulnhub.com/jisctf/JIS-CTF-VulnUpload-CTF01.ova
kbvuln-kb-vuln2	kbvuln/KB-VULN2.ova	https://download.vulnhub.com/kbvuln/KB-VULN2.ova
kbvuln-kb-vuln3	kbvuln/KB-VULN3.ova	https://download.vulnhub.com/kbvuln/KB-VULN3.ova
kbvuln-kb-vuln-final	kbvuln/KB-VULN-FINAL.ova	https://download.vulnhub.com/kbvuln/KB-VULN-FINAL.ova
kbvuln-kb-vuln	kbvuln/KB-VULN.ova	https://download.vulnhub.com/kbvuln/KB-VULN.ova
kevgir-kevgir-vm	kevgir/Kevgir-VM.ova	https://download.vulnhub.com/kevgir/Kevgir-VM.ova
kfiofan-ctf-kfiofan2	kfiofan/CTF-KFIOFan2.ova	https://download.vulnhub.com/kfiofan/CTF-KFIOFan2.ova
kfiofan-ctf-kfiofan	kfiofan/CTF-KFIOFan.ova	https://download.vulnhub.com/kfiofan/CTF-KFIOFan.ova
ki-ki	ki/ki.ova	https://download.vulnhub.com/ki/ki.ova
kira-kiractf	kira/KiraCTF.ova	https://download.vulnhub.com/kira/KiraCTF.ova
knockknock-knock-knock-1-1	knockknock/knock-knock-1-1.ova	https://download.vulnhub.com/knockknock/knock-knock-1-1.ova
kuya-kuya	kuya/Kuya.ova	https://download.vulnhub.com/kuya/Kuya.ova
legacy-legacy-hangtuah	legacy/Legacy-HangTuah.ova	https://download.vulnhub.com/legacy/Legacy-HangTuah.ova
linsecurity-lin-security-v1-0	linsecurity/lin.security_v1.0.ova	https://download.vulnhub.com/linsecurity/lin.security_v1.0.ova
loly-loly	loly/Loly.ova	https://download.vulnhub.com/loly/Loly.ova
lordoftheroot-lordoftheroot-1-0-1	lordoftheroot/LordOfTheRoot_1.0.1.ova	https://download.vulnhub.com/lordoftheroot/LordOfTheRoot_1.0.1.ova
maskcrafter-maskcrafter-1-1	maskcrafter/maskcrafter-1.1.ova	https://download.vulnhub.com/maskcrafter/maskcrafter-1.1.ova
matrix-machine-matrix-v3	matrix/Machine_Matrix_v3.ova	https://download.vulnhub.com/matrix/Machine_Matrix_v3.ova
matrix-matrix2-unknowndevice64	matrix/matrix2-Unknowndevice64.ova	https://download.vulnhub.com/matrix/matrix2-Unknowndevice64.ova
meandmygirlfriend-me-and-my-girlfriend-1	meandmygirlfriend/Me-and-My-Girlfriend-1.ova	https://download.vulnhub.com/meandmygirlfriend/Me-and-My-Girlfriend-1.ova
midwest-midwest-v1-0-1	midwest/midwest-v1.0.1.ova	https://download.vulnhub.com/midwest/midwest-v1.0.1.ova
minouche-minouche	minouche/Minouche.ova	https://download.vulnhub.com/minouche/Minouche.ova
missionpumpkin-pumpkinfestival	missionpumpkin/PumpkinFestival.ova	https://download.vulnhub.com/missionpumpkin/PumpkinFestival.ova
missionpumpkin-pumpkingarden	missionpumpkin/PumpkinGarden.ova	https://download.vulnhub.com/missionpumpkin/PumpkinGarden.ova
missionpumpkin-pumpkinraising	missionpumpkin/PumpkinRaising.ova	https://download.vulnhub.com/missionpumpkin/PumpkinRaising.ova
mmmctf-mmmctf-v1-1	mmmctf/MMMCTF-v1.1.ova	https://download.vulnhub.com/mmmctf/MMMCTF-v1.1.ova
momentum-momentum2	momentum/Momentum2.ova	https://download.vulnhub.com/momentum/Momentum2.ova
momentum-momentum	momentum/Momentum.ova	https://download.vulnhub.com/momentum/Momentum.ova
moneybox-moneybox	moneybox/MoneyBox.ova	https://download.vulnhub.com/moneybox/MoneyBox.ova
moneyheist-1-money-heist-catch-me-if-you-can	moneyheist-1/Money-Heist-catch-me-if-you-can.ova	https://download.vulnhub.com/moneyheist-1/Money-Heist-catch-me-if-you-can.ova
moneyheist-moneyheist-v1-0-1	moneyheist/Moneyheist-v1.0.1.ova	https://download.vulnhub.com/moneyheist/Moneyheist-v1.0.1.ova
monitoring-monitoring	monitoring/Monitoring.ova	https://download.vulnhub.com/monitoring/Monitoring.ova
moonraker-moonraker	moonraker/Moonraker.ova	https://download.vulnhub.com/moonraker/Moonraker.ova
mordor-mordorctf-1-1	mordor/MordorCTF-1.1.ova	https://download.vulnhub.com/mordor/MordorCTF-1.1.ova
mortalkombat-mortalkombat	mortalkombat/MortalKombat.ova	https://download.vulnhub.com/mortalkombat/MortalKombat.ova
mrrobot-mrrobot	mrrobot/mrRobot.ova	https://download.vulnhub.com/mrrobot/mrRobot.ova
mumbai-mumbai	mumbai/Mumbai.ova	https://download.vulnhub.com/mumbai/Mumbai.ova
mycmsms-my-cmsms	mycmsms/My-Cmsms.ova	https://download.vulnhub.com/mycmsms/My-Cmsms.ova
mycommunicationserver-my-communication-server-1	mycommunicationserver/My_Communication_Server-1.ova	https://download.vulnhub.com/mycommunicationserver/My_Communication_Server-1.ova
myexpense-myexpense-vulnerable-web-application	myexpense/MyExpense-Vulnerable-Web-Application.ova	https://download.vulnhub.com/myexpense/MyExpense-Vulnerable-Web-Application.ova
myfileserver-my-file-server-1	myfileserver/My_file_server_1.ova	https://download.vulnhub.com/myfileserver/My_file_server_1.ova
myfileserver-my-file-server-2	myfileserver/My_file_server_2.ova	https://download.vulnhub.com/myfileserver/My_file_server_2.ova
myschool-myschool	myschool/myschool.ova	https://download.vulnhub.com/myschool/myschool.ova
mytomcathost-my-tomcat-host	mytomcathost/My_Tomcat_Host.ova	https://download.vulnhub.com/mytomcathost/My_Tomcat_Host.ova
mywebserver-my-web-server	mywebserver/My_Web_Server.ova	https://download.vulnhub.com/mywebserver/My_Web_Server.ova
napping-napping-1-0-1	napping/napping-1.0.1.ova	https://download.vulnhub.com/napping/napping-1.0.1.ova
necromancer-necromancer	necromancer/necromancer.ova	https://download.vulnhub.com/necromancer/necromancer.ova
neobank-neobank	neobank/Neobank.ova	https://download.vulnhub.com/neobank/Neobank.ova
new-lpeworkshop-external-debian-6-64-bit-workshop	_new/lpeworkshop/external/Debian_6_64-bit_(Workshop).ova	https://download.vulnhub.com/_new/lpeworkshop/external/Debian_6_64-bit_(Workshop).ova
new-lpeworkshop-external-kali-2016-2-x64-workshop	_new/lpeworkshop/external/Kali_2016.2_x64_(Workshop).ova	https://download.vulnhub.com/_new/lpeworkshop/external/Kali_2016.2_x64_(Workshop).ova
new-target-target-1-1	_new/Target/Target-1-1.ova	https://download.vulnhub.com/_new/Target/Target-1-1.ova
new-target-target-1-1	_new/Target/Target-1-(1).ova	https://download.vulnhub.com/_new/Target/Target-1-(1).ova
new-target-target-1	_new/Target/Target-1.ova	https://download.vulnhub.com/_new/Target/Target-1.ova
new-tiki-2	_new/Tiki_2.ova	https://download.vulnhub.com/_new/Tiki_2.ova
new-va	_new/VA.ova	https://download.vulnhub.com/_new/VA.ova
new-virtual-ctf-hacking-machine-hmn01	_new/Virtual-CTF-hacking-machine-HMN01.ova	https://download.vulnhub.com/_new/Virtual-CTF-hacking-machine-HMN01.ova
new-vulnbox-1	_new/Vulnbox-1.ova	https://download.vulnhub.com/_new/Vulnbox-1.ova
new-win-kira-bof-x32	_new/win/kira-bof-x32.ova	https://download.vulnhub.com/_new/win/kira-bof-x32.ova
node-node	node/Node.ova	https://download.vulnhub.com/node/Node.ova
noob-noob	noob/Noob.ova	https://download.vulnhub.com/noob/Noob.ova
norzhctf-basilic	norzhctf/Basilic.ova	https://download.vulnhub.com/norzhctf/Basilic.ova
odin-odin	odin/odin.ova	https://download.vulnhub.com/odin/odin.ova
onsystem-shelldredd-1-hannah	onsystem/ShellDredd-1-Hannah.ova	https://download.vulnhub.com/onsystem/ShellDredd-1-Hannah.ova
orasi-orasi	orasi/Orasi.ova	https://download.vulnhub.com/orasi/Orasi.ova
overflow-overflow	overflow/Overflow.ova	https://download.vulnhub.com/overflow/Overflow.ova
owlnest-owlnest-v1-0-2	owlnest/OwlNest_v1.0.2.ova	https://download.vulnhub.com/owlnest/OwlNest_v1.0.2.ova
panabee-panabee	panabee/Panabee.ova	https://download.vulnhub.com/panabee/Panabee.ova
pegasus-pegasus	pegasus/pegasus.ova	https://download.vulnhub.com/pegasus/pegasus.ova
phineas-phineas	phineas/Phineas.ova	https://download.vulnhub.com/phineas/Phineas.ova
photographer-photographer	photographer/Photographer.ova	https://download.vulnhub.com/photographer/Photographer.ova
pinkyspalace-pinkys-palace	pinkyspalace/Pinkys-Palace.ova	https://download.vulnhub.com/pinkyspalace/Pinkys-Palace.ova
pinkyspalace-pinkyspalacev3	pinkyspalace/PinkysPalacev3.ova	https://download.vulnhub.com/pinkyspalace/PinkysPalacev3.ova
pizzashop-cybersci-vm	pizzashop/CyberSci-VM.ova	https://download.vulnhub.com/pizzashop/CyberSci-VM.ova
potato-potato	potato/Potato.ova	https://download.vulnhub.com/potato/Potato.ova
potato-suncsr-potato-suncsr	potato-suncsr/potato-suncsr.ova	https://download.vulnhub.com/potato-suncsr/potato-suncsr.ova
powergrid-powergrid-1-0-1	powergrid/PowerGrid-1.0.1.ova	https://download.vulnhub.com/powergrid/PowerGrid-1.0.1.ova
presidential-presidential	presidential/Presidential.ova	https://download.vulnhub.com/presidential/Presidential.ova
prime-2021-prime-2	prime-2021/Prime-2.ova	https://download.vulnhub.com/prime-2021/Prime-2.ova
proteus-proteus	proteus/Proteus.ova	https://download.vulnhub.com/proteus/Proteus.ova
pwned-pwned	pwned/Pwned.ova	https://download.vulnhub.com/pwned/Pwned.ova
pwnlab-pwnlab-init	pwnlab/pwnlab_init.ova	https://download.vulnhub.com/pwnlab/pwnlab_init.ova
pwnthetron-pwn-the-tron	pwnthetron/Pwn-the-Tron.ova	https://download.vulnhub.com/pwnthetron/Pwn-the-Tron.ova
pylington-pylington	pylington/pylington.ova	https://download.vulnhub.com/pylington/pylington.ova
ragnarlothbrok-ragnar-lothbrok	ragnarlothbrok/Ragnar-lothbrok.ova	https://download.vulnhub.com/ragnarlothbrok/Ragnar-lothbrok.ova
raven-raven2	raven/Raven2.ova	https://download.vulnhub.com/raven/Raven2.ova
raven-raven	raven/Raven.ova	https://download.vulnhub.com/raven/Raven.ova
readme-readme	readme/ReadMe.ova	https://download.vulnhub.com/readme/ReadMe.ova
recon-recon	recon/recon.ova	https://download.vulnhub.com/recon/recon.ova
red-red	red/Red.ova	https://download.vulnhub.com/red/Red.ova
replay-replay-ctf	replay/Replay_CTF.ova	https://download.vulnhub.com/replay/Replay_CTF.ova
ripper-ripper	ripper/Ripper.ova	https://download.vulnhub.com/ripper/Ripper.ova
rootthis-rootthis	rootthis/RootThis.ova	https://download.vulnhub.com/rootthis/RootThis.ova
rop-primer-rop-primer-v0-2	rop-primer/rop-primer-v0.2.ova	https://download.vulnhub.com/rop-primer/rop-primer-v0.2.ova
rotatingfortress-rotating-fortress-v1-0-1	rotatingfortress/rotating_fortress_v1.0.1.ova	https://download.vulnhub.com/rotatingfortress/rotating_fortress_v1.0.1.ova
rsa-rsafun2018	rsa/RSAfun2018.ova	https://download.vulnhub.com/rsa/RSAfun2018.ova
safeharbor-safeharbor	safeharbor/SafeHarbor.ova	https://download.vulnhub.com/safeharbor/SafeHarbor.ova
sahu-sahu-v1-1	sahu/sahu-v1.1.ova	https://download.vulnhub.com/sahu/sahu-v1.1.ova
samsara-samsara	samsara/Samsara.ova	https://download.vulnhub.com/samsara/Samsara.ova
secarmyvillage-secarmy-village-oscp-giveaway	secarmyvillage/SECARMY-VILLAGE-OSCP-GIVEAWAY.ova	https://download.vulnhub.com/secarmyvillage/SECARMY-VILLAGE-OSCP-GIVEAWAY.ova
seckc-seckc-1-1-boot2root	seckc/SecKC-1-1-boot2root.ova	https://download.vulnhub.com/seckc/SecKC-1-1-boot2root.ova
seckc-seckc-boot2root	seckc/SecKC-boot2root.ova	https://download.vulnhub.com/seckc/SecKC-boot2root.ova
sectalks-fuku	sectalks/Fuku.ova	https://download.vulnhub.com/sectalks/Fuku.ova
sectalks-minotaur-ctf-bne0x00	sectalks/minotaur_CTF_BNE0x00.ova	https://download.vulnhub.com/sectalks/minotaur_CTF_BNE0x00.ova
sectalks-simple	sectalks/Simple.ova	https://download.vulnhub.com/sectalks/Simple.ova
securecode-securecode1	securecode/SecureCode1.ova	https://download.vulnhub.com/securecode/SecureCode1.ova
shenron-shenron-1	shenron/shenron-1.ova	https://download.vulnhub.com/shenron/shenron-1.ova
shenron-shenron-2	shenron/shenron-2.ova	https://download.vulnhub.com/shenron/shenron-2.ova
shenron-shenron-3	shenron/shenron-3.ova	https://download.vulnhub.com/shenron/shenron-3.ova
shuriken-shuriken-1	shuriken/Shuriken-1.ova	https://download.vulnhub.com/shuriken/Shuriken-1.ova
shuriken-shuriken-node	shuriken/Shuriken_Node.ova	https://download.vulnhub.com/shuriken/Shuriken_Node.ova
sidney-sidney0-2	sidney/Sidney0.2.ova	https://download.vulnhub.com/sidney/Sidney0.2.ova
silky-silky-ctf-0x01	silky/Silky-CTF_0x01.ova	https://download.vulnhub.com/silky/Silky-CTF_0x01.ova
silky-silky-ctf-0x02	silky/Silky-CTF_0x02.ova	https://download.vulnhub.com/silky/Silky-CTF_0x02.ova
sixes-sixes-1aa67eae208f9fcc3785c1e622805a35	sixes/SiXeS-1aa67eae208f9fcc3785c1e622805a35.ova	https://download.vulnhub.com/sixes/SiXeS-1aa67eae208f9fcc3785c1e622805a35.ova
skydog-skydogconctf2016vboxv10	skydog/SkyDogConCTF2016VBoxV10.ova	https://download.vulnhub.com/skydog/SkyDogConCTF2016VBoxV10.ova
skydog-skydogctf	skydog/SkyDogCTF.ova	https://download.vulnhub.com/skydog/SkyDogCTF.ova
sp-alphonse-v1-3	sp/alphonse-v1.3.ova	https://download.vulnhub.com/sp/alphonse-v1.3.ova
sp-leopold-v1-2	sp/leopold-v1.2.ova	https://download.vulnhub.com/sp/leopold-v1.2.ova
sputnik-sputnik	sputnik/Sputnik.ova	https://download.vulnhub.com/sputnik/Sputnik.ova
spydersec-spydersecchallenge	spydersec/SpyderSecChallenge.ova	https://download.vulnhub.com/spydersec/SpyderSecChallenge.ova
stackoverflow-introtostackoverflow-v1-0-1	stackoverflow/IntroToStackOverflow_v1.0.1.ova	https://download.vulnhub.com/stackoverflow/IntroToStackOverflow_v1.0.1.ova
starwars-starwars-epi1-ctf	starwars/StarWars-Epi1-CTF.ova	https://download.vulnhub.com/starwars/StarWars-Epi1-CTF.ova
sunset-dawn3	sunset/dawn3.ova	https://download.vulnhub.com/sunset/dawn3.ova
sunset-decoy	sunset/decoy.ova	https://download.vulnhub.com/sunset/decoy.ova
sunset-noontide	sunset/noontide.ova	https://download.vulnhub.com/sunset/noontide.ova
sunset-solstice	sunset/solstice.ova	https://download.vulnhub.com/sunset/solstice.ova
supermariohost-super-mario-host-v1-0-1	supermariohost/Super-Mario-Host-v1.0.1.ova	https://download.vulnhub.com/supermariohost/Super-Mario-Host-v1.0.1.ova
systemfailure-system-failure	systemfailure/System-Failure.ova	https://download.vulnhub.com/systemfailure/System-Failure.ova
tbbt-tbbt2	tbbt/TBBT2.ova	https://download.vulnhub.com/tbbt/TBBT2.ova
tbbt-tbbt-funwithflags	tbbt/TBBT-Funwithflags.ova	https://download.vulnhub.com/tbbt/TBBT-Funwithflags.ova
templeofdoom-temple-of-doom-v1	templeofdoom/temple-of-DOOM-v1.ova	https://download.vulnhub.com/templeofdoom/temple-of-DOOM-v1.ova
tempusfugit-tempus-fugit-2	tempusfugit/Tempus-Fugit-2.ova	https://download.vulnhub.com/tempusfugit/Tempus-Fugit-2.ova
tempusfugit-tempus-fugit-3	tempusfugit/Tempus-Fugit-3.ova	https://download.vulnhub.com/tempusfugit/Tempus-Fugit-3.ova
tempusfugit-tempus-fugit-4	tempusfugit/Tempus-Fugit-4.ova	https://download.vulnhub.com/tempusfugit/Tempus-Fugit-4.ova
tempusfugit-tempus-fugit-5v2	tempusfugit/Tempus-Fugit-5v2.ova	https://download.vulnhub.com/tempusfugit/Tempus-Fugit-5v2.ova
tempusfugit-tempus-fugit	tempusfugit/Tempus-Fugit.ova	https://download.vulnhub.com/tempusfugit/Tempus-Fugit.ova
teuchter-teuchter-0-3	teuchter/Teuchter_0.3.ova	https://download.vulnhub.com/teuchter/Teuchter_0.3.ova
teuchtertwa-teuchtertwa09	teuchtertwa/TeuchterTwa09.ova	https://download.vulnhub.com/teuchtertwa/TeuchterTwa09.ova
thefortress-the-fortress-ctf	thefortress/The-Fortress-CTF.ova	https://download.vulnhub.com/thefortress/The-Fortress-CTF.ova
thefrequency-thefrequency	thefrequency/TheFrequency.ova	https://download.vulnhub.com/thefrequency/TheFrequency.ova
thenet-thenet	thenet/TheNet.ova	https://download.vulnhub.com/thenet/TheNet.ova
theplanets-earth	theplanets/Earth.ova	https://download.vulnhub.com/theplanets/Earth.ova
theplanets-mercury	theplanets/Mercury.ova	https://download.vulnhub.com/theplanets/Mercury.ova
theplanets-venus	theplanets/Venus.ova	https://download.vulnhub.com/theplanets/Venus.ova
thepurge-thepurge	thepurge/ThePurge.ova	https://download.vulnhub.com/thepurge/ThePurge.ova
thewall-thewall	thewall/thewall.ova	https://download.vulnhub.com/thewall/thewall.ova
thothtech-thoth-tech	thothtech/Thoth-Tech.ova	https://download.vulnhub.com/thothtech/Thoth-Tech.ova
tiki-tiki	tiki/Tiki.ova	https://download.vulnhub.com/tiki/Tiki.ova
tomato-tomato	tomato/Tomato.ova	https://download.vulnhub.com/tomato/Tomato.ova
tommyboy-tommyboy1dot0	tommyboy/TommyBoy1dot0.ova	https://download.vulnhub.com/tommyboy/TommyBoy1dot0.ova
tophatsec-fartknocker	tophatsec/FartKnocker.ova	https://download.vulnhub.com/tophatsec/FartKnocker.ova
tophatsec-freshly	tophatsec/Freshly.ova	https://download.vulnhub.com/tophatsec/Freshly.ova
tophatsec-zorz	tophatsec/Zorz.ova	https://download.vulnhub.com/tophatsec/Zorz.ova
tr0ll-tr0ll3	tr0ll/Tr0ll3.ova	https://download.vulnhub.com/tr0ll/Tr0ll3.ova
trollcave-trollcave-v1-2	trollcave/trollcave-v1-2.ova	https://download.vulnhub.com/trollcave/trollcave-v1-2.ova
typhoon-typhoon-v1-02	typhoon/Typhoon-v1.02.ova	https://download.vulnhub.com/typhoon/Typhoon-v1.02.ova
typo-typo	typo/Typo.ova	https://download.vulnhub.com/typo/Typo.ova
undiscovered-undiscovered-1-0-1	undiscovered/UnDiscovered-1.0.1.ova	https://download.vulnhub.com/undiscovered/UnDiscovered-1.0.1.ova
unknowndevice64-unknowndevice64-v1-0	unknowndevice64/unknowndevice64-V1.0.ova	https://download.vulnhub.com/unknowndevice64/unknowndevice64-V1.0.ova
unknowndevice64-unknowndevice64-v2-0	unknowndevice64/unknowndevice64-V2.0.ova	https://download.vulnhub.com/unknowndevice64/unknowndevice64-V2.0.ova
usv-2016-usv-ctf101	usv-2016/USV-CTF101.ova	https://download.vulnhub.com/usv-2016/USV-CTF101.ova
usv-2017-ctf-usv-2017-qualifications	usv-2017/ctf-usv_2017_qualifications.ova	https://download.vulnhub.com/usv-2017/ctf-usv_2017_qualifications.ova
vegeta-vegeta	vegeta/Vegeta.ova	https://download.vulnhub.com/vegeta/Vegeta.ova
victim-victim01-042220	victim/Victim01_042220.ova	https://download.vulnhub.com/victim/Victim01_042220.ova
view2akill-view2akill	view2akill/View2aKill.ova	https://download.vulnhub.com/view2akill/View2aKill.ova
vikings-vikings	vikings/Vikings.ova	https://download.vulnhub.com/vikings/Vikings.ova
violator-violator	violator/violator.ova	https://download.vulnhub.com/violator/violator.ova
vulncms-vulncms	vulncms/VulnCMS.ova	https://download.vulnhub.com/vulncms/VulnCMS.ova
vulnerabledocker-vulnerable-docker-containement	vulnerabledocker/vulnerable_docker_containement.ova	https://download.vulnhub.com/vulnerabledocker/vulnerable_docker_containement.ova
vulnuni-vulnuni1-0-1	vulnuni/vulnuni1.0.1.ova	https://download.vulnhub.com/vulnuni/vulnuni1.0.1.ova
w34kn3ss-w34kn3ss	w34kn3ss/W34KN3SS.ova	https://download.vulnhub.com/w34kn3ss/W34KN3SS.ova
wakanda-wakanda-1	wakanda/wakanda-1.ova	https://download.vulnhub.com/wakanda/wakanda-1.ova
warzone-warzone2	warzone/Warzone2.ova	https://download.vulnhub.com/warzone/Warzone2.ova
warzone-warzone3	warzone/Warzone3.ova	https://download.vulnhub.com/warzone/Warzone3.ova
warzone-warzone	warzone/Warzone.ova	https://download.vulnhub.com/warzone/Warzone.ova
webdeveloper-webdeveloper	webdeveloper/WebDeveloper.ova	https://download.vulnhub.com/webdeveloper/WebDeveloper.ova
webgoat-webgoat	webgoat/WebGOAT.ova	https://download.vulnhub.com/webgoat/WebGOAT.ova
webmachine-web-machine-n7	webmachine/Web-Machine-N7.ova	https://download.vulnhub.com/webmachine/Web-Machine-N7.ova
websecdojo-web-security-dojo-2-0	websecdojo/Web_Security_Dojo-2.0.ova	https://download.vulnhub.com/websecdojo/Web_Security_Dojo-2.0.ova
westw0rld-westw0rld-v1-0-1	westw0rld/westw0rld-v1.0.1.ova	https://download.vulnhub.com/westw0rld/westw0rld-v1.0.1.ova
westwild-west-wild-v1-1	westwild/West-Wild-v1.1.ova	https://download.vulnhub.com/westwild/West-Wild-v1.1.ova
westwild-westwild-v2-2	westwild/westwild-v2-2.ova	https://download.vulnhub.com/westwild/westwild-v2-2.ova
whowantstobeking-who-wants-to-be-king-2	whowantstobeking/Who-wants-to-be-king_2.ova	https://download.vulnhub.com/whowantstobeking/Who-wants-to-be-king_2.ova
whowantstobeking-whowantstobeking	whowantstobeking/whowantstobeking.ova	https://download.vulnhub.com/whowantstobeking/whowantstobeking.ova
wordpresshostserver-wordpress-host-server-1	wordpresshostserver/Wordpress_host_server_1.ova	https://download.vulnhub.com/wordpresshostserver/Wordpress_host_server_1.ova
worldcup-2007	worldcup/2007.ova	https://download.vulnhub.com/worldcup/2007.ova
worstwesternhotel-hotelww	worstwesternhotel/HotelWW.ova	https://download.vulnhub.com/worstwesternhotel/HotelWW.ova
xpto-xptosystem	xpto/xptosystem.ova	https://download.vulnhub.com/xpto/xptosystem.ova
y0usef-y0usef	y0usef/y0usef.ova	https://download.vulnhub.com/y0usef/y0usef.ova
yone-yone	yone/Yone.ova	https://download.vulnhub.com/yone/Yone.ova
zeroctf-zeroctf	zeroctf/zeroctf.ova	https://download.vulnhub.com/zeroctf/zeroctf.ova
zico-zico2	zico/zico2.ova	https://download.vulnhub.com/zico/zico2.ova
